"title","description","identifier","source","creator","date","collection_id","collection_title","series_id","series_title","tags","rights","rights_holder","publisher","format","type","filename","featured","file_url","thumbnail","language","file_ext","sort_field","by","mby","modified","duration","created","id"
"ABVP pamphlet","","160000JNUSI0213","Akhil Bhartiya Vidyarthi Parishad","Akhil Bhartiya Vidyarthi Parishad","25/2/16","JNU","JNU Student Movement","SM001","Student Movements ","Akhil Bhartiya Vidyarthi Parishad; ABVP; ABVP pamphlet","Public Domain","Public domain","Akhil Bhartiya Vidyarthi Parishad",".PDF","Scanned Image","160000JNUSI0213.pdf","Yes","http://campuscollection.openrun.net/samim/Pamphlets and Posters Gayatri Balusha/Pamphlet Archive/ABVP/160000JNUSI0213.pdf","http://campuscollection.openrun.net/Thumbnails/160000JNUSI0213.pdf.jpg","English","pdf","2016-2-25","5cbf1a2e643965001800017e","5cbf1a2e643965001800017e",1561410819,"",1561410819,"5d113d03366236002700015b"
"ABVP pamphlet","","160000JNUSI0214","Akhil Bhartiya Vidyarthi Parishad","Akhil Bhartiya Vidyarthi Parishad","09/03/16","JNU","JNU Student Movement","SM001","Student Movements ","Akhil Bhartiya Vidyarthi Parishad; ABVP; ABVP pamphlet","Public Domain","Public domain","Akhil Bhartiya Vidyarthi Parishad",".PDF","Scanned Image","160000JNUSI0214.pdf","Yes","http://campuscollection.openrun.net/samim/Pamphlets and Posters Gayatri Balusha/Pamphlet Archive/ABVP/160000JNUSI0214.pdf","http://campuscollection.openrun.net/Thumbnails/160000JNUSI0214.pdf.jpg","English","pdf","2016-03-09","5cbf1a2e643965001800017e","5cbf1a2e643965001800017e",1561410819,"",1561410819,"5d113d0336623600270000d6"
"ABVP pamphlet","","160000JNUSI0215","Akhil Bhartiya Vidyarthi Parishad","Akhil Bhartiya Vidyarthi Parishad","03/06/16","JNU","JNU Student Movement","SM001","Student Movements ","Akhil Bhartiya Vidyarthi Parishad; ABVP; ABVP pamphlet","Public Domain","Public domain","Akhil Bhartiya Vidyarthi Parishad",".PDF","Scanned Image","160000JNUSI0215.pdf","Yes","http://campuscollection.openrun.net/samim/Pamphlets and Posters Gayatri Balusha/Pamphlet Archive/ABVP/160000JNUSI0215.pdf","http://campuscollection.openrun.net/Thumbnails/160000JNUSI0215.pdf.jpg","English","pdf","2016-06-03","5cbf1a2e643965001800017e","5cbf1a2e643965001800017e",1561410819,"",1561410819,"5d113d033662360027000064"
"ABVP pamphlet","","160000JNUSI0216","Akhil Bhartiya Vidyarthi Parishad","Akhil Bhartiya Vidyarthi Parishad","16/02/16","JNU","JNU Student Movement","SM001","Student Movements ","Akhil Bhartiya Vidyarthi Parishad; ABVP; ABVP pamphlet","Public Domain","Public domain","Akhil Bhartiya Vidyarthi Parishad",".PDF","Scanned Image","160000JNUSI0216.pdf","Yes","http://campuscollection.openrun.net/samim/Pamphlets and Posters Gayatri Balusha/Pamphlet Archive/ABVP/160000JNUSI0216.pdf","http://campuscollection.openrun.net/Thumbnails/160000JNUSI0216.pdf.jpg","English","pdf","2016-02-16","5cbf1a2e643965001800017e","5cbf1a2e643965001800017e",1561410819,"",1561410819,"5d113d0336623600270001bf"
"ABVP pamphlet","","160000JNUSI0217","Akhil Bhartiya Vidyarthi Parishad","Akhil Bhartiya Vidyarthi Parishad","12/02/16","JNU","JNU Student Movement","SM001","Student Movements ","Akhil Bhartiya Vidyarthi Parishad; ABVP; ABVP pamphlet","Public Domain","Public domain","Akhil Bhartiya Vidyarthi Parishad",".PDF","Scanned Image","160000JNUSI0217.pdf","Yes","http://campuscollection.openrun.net/samim/Pamphlets and Posters Gayatri Balusha/Pamphlet Archive/ABVP/160000JNUSI0217.pdf","http://campuscollection.openrun.net/Thumbnails/160000JNUSI0217.pdf.jpg","English","pdf","2016-02-12","5cbf1a2e643965001800017e","5cbf1a2e643965001800017e",1561410819,"",1561410819,"5d113d0336623600270000d7"
"AISA pamphlet","","16000JNUSI0218","All India Students' Association","All India Students' Association","24/02/16","JNU","JNU Student Movement","SM001","Student Movements ","All India Students' Association; AISA; AISA pamphlet","Public Domain","Public Domain","All India Students' Association",".PDF","Scanned Image","16000JNUSI0218.pdf","Yes","","","English","","2016-02-24","5cbf1a2e643965001800017e","5cbf1a2e643965001800017e",1561410819,"",1561410819,"5d113d0336623600270001b0"
"AISF pamphlet","","16000JNUSI0219","All India Students' Association","All India Students' Association","01/03/16","JNU","JNU Student Movement","SM001","Student Movements ","All India Students' Association; AISA; AISA pamphlet","Public Domain","Public Domain","All India Students' Association",".PDF","Scanned Image","16000JNUSI0219.pdf","","","","English; Hindi","","2016-03-01","5cbf1a2e643965001800017e","5cbf1a2e643965001800017e",1561410819,"",1561410819,"5d113d0336623600270002a0"
"AISF pamphlet","","16000JNUSI0220","All India Students' Association","All India Students' Association","01/03/16","JNU","JNU Student Movement","SM001","Student Movements ","All India Students' Association; AISA; AISA pamphlet","Public Domain","Public Domain","All India Students' Association",".PDF","Scanned Image","16000JNUSI0220.pdf","","","","English","","2016-03-01","5cbf1a2e643965001800017e","5cbf1a2e643965001800017e",1561410819,"",1561410819,"5d113d03366236002700003e"
"AISF pamphlet","","16000JNUSI0221","All India Students' Association","All India Students' Association","22/02/16","JNU","JNU Student Movement","SM001","Student Movements ","All India Students' Association; AISA; AISA pamphlet","Public Domain","Public Domain","All India Students' Association",".PDF","Scanned Image","16000JNUSI0221.pdf","Yes","","","English","","2016-02-22","5cbf1a2e643965001800017e","5cbf1a2e643965001800017e",1561410819,"",1561410819,"5d113d03366236002700013e"
"AISF pamphlet","","16000JNUSI0222","All India Students' Association","All India Students' Association","11/02/16","JNU","JNU Student Movement","SM001","Student Movements ","All India Students' Association; AISA; AISA pamphlet","Public Domain","Public Domain","All India Students' Association",".PDF","Scanned Image","16000JNUSI0222.pdf","","","","English; Hindi","","2016-02-11","5cbf1a2e643965001800017e","5cbf1a2e643965001800017e",1561410819,"",1561410819,"5d113d033662360027000384"
"AISF pamphlet","","16000JNUSI0223","All India Students' Association","All India Students' Association","01/02/16","JNU","JNU Student Movement","SM001","Student Movements ","All India Students' Association; AISA; AISA pamphlet","Public Domain","Public Domain","All India Students' Association",".PDF","Scanned Image","16000JNUSI0223.pdf","","","","English","","2016-02-01","5cbf1a2e643965001800017e","5cbf1a2e643965001800017e",1561410819,"",1561410819,"5d113d033662360027000153"
"AISF pamphlet","","160000JNUSI0228","All India Students' Federation","All India Students' Federation","01/02/16","JNU","JNU Student Movement","SM001","Student Movements ","All India Students' Federation; AISF; AISF pamphlet","Public Domain","Public Domain","All India Students' Federation",".PDF","Scanned Image","160000JNUSI0228.pdf","Yes","http://campuscollection.openrun.net/samim/Pamphlets and Posters Gayatri Balusha/Pamphlet Archive/AISF/160000JNUSI0228.pdf","http://campuscollection.openrun.net/Thumbnails/160000JNUSI0228.pdf.jpg","English","pdf","2016-02-01","5cbf1a2e643965001800017e","5cbf1a2e643965001800017e",1561410819,"",1561410819,"5d113d03366236002700022d"
"BAPSA pamphlet","","160000JNUSI0229","Birsa Ambedkar Phule Students' Association","Birsa Ambedkar Phule Students' Association","2016","JNU","JNU Student Movement","SM001","Student Movements ","Public Domain","Public Domain","Merian-Tagore International Centre of Advanced Studies","Merian-Tagore International Centre of Advanced Studies",".JPG","Born Digital Image","160000JNUSI0229.jpg","","http://campuscollection.openrun.net/samim/Pamphlets and Posters Gayatri Balusha/Pamphlet Archive/BAPSA/160000JNUSI0229.jpg","http://campuscollection.openrun.net/Thumbnails/thubmnail_160000JNUSI0229.jpg","English","jpg","2016","5cbf1a2e643965001800017e","5cbf1a2e643965001800017e",1561410819,"",1561410819,"5d113d0336623600270001cc"
"BASO pamphlet","","160000JNUDI0335","Bhagat Singh Ambedkar Students’ Organization","Bhagat Singh Ambedkar Students’ Organization","26/05/16","JNU","JNU Student Movement","SM001","Student Movements ","Bhagat Singh Ambedkar Students’ Organization; BASO; BASO pamphlet","Public Domain","Public Domain","Bhagat Singh Ambedkar Students’ Organization",".JPG","Born Digital Image","161117JNUDI00114.jpg","","http://campuscollection.openrun.net/samim/Pamphlets and Posters Gayatri Balusha/Pamphlet Archive/BASO/baso 1/160000JNUDI0335.jpg","http://campuscollection.openrun.net/Thumbnails/thubmnail_160000JNUDI0335.jpg","English","jpg","2016-05-26","5cbf1a2e643965001800017e","5cbf1a2e643965001800017e",1561410819,"",1561410819,"5d113d03366236002700019f"
"BASO pamphlet","","160000JNUDI0336","Bhagat Singh Ambedkar Students’ Organization","Bhagat Singh Ambedkar Students’ Organization","26/05/16","JNU","JNU Student Movement","SM001","Student Movements ","Bhagat Singh Ambedkar Students’ Organization; BASO; BASO pamphlet","Public Domain","Public Domain","Bhagat Singh Ambedkar Students’ Organization",".JPG","Born Digital Image","161117JNUDI00115.jpg","","http://campuscollection.openrun.net/samim/Pamphlets and Posters Gayatri Balusha/Pamphlet Archive/BASO/baso 1/160000JNUDI0336.jpg","http://campuscollection.openrun.net/Thumbnails/thubmnail_160000JNUDI0336.jpg","English","jpg","2016-05-26","5cbf1a2e643965001800017e","5cbf1a2e643965001800017e",1561410819,"",1561410819,"5d113d0336623600270002d9"
"BASO pamphlet","","160000JNUDI0337","Bhagat Singh Ambedkar Students’ Organization","Bhagat Singh Ambedkar Students’ Organization","2016","JNU","JNU Student Movement","SM001","Student Movements ","Bhagat Singh Ambedkar Students’ Organization; BASO; BASO pamphlet","Public Domain","Public Domain","Bhagat Singh Ambedkar Students’ Organization",".JPG","Born Digital Image","161117JNUDI00116.jpg","","http://campuscollection.openrun.net/samim/Pamphlets and Posters Gayatri Balusha/Pamphlet Archive/BASO/160000JNUDI0337.jpg","http://campuscollection.openrun.net/Thumbnails/thubmnail_160000JNUDI0337.jpg","English","jpg","2016","5cbf1a2e643965001800017e","5cbf1a2e643965001800017e",1561410819,"",1561410819,"5d113d0336623600270001c5"
"Collective pamphlet","","160000JNUDI0339","Collective","Collective","14/03/16","JNU","JNU Student Movement","SM001","Student Movements ","Collective; Collective pamphlet","Public Domain","Public Domain","Collective",".JPG","Born Digital Image","160000JNUDI0339.jpg","Yes","http://campuscollection.openrun.net/samim/Pamphlets and Posters Gayatri Balusha/Pamphlet Archive/Collective/160000JNUDI0339.jpg","http://campuscollection.openrun.net/Thumbnails/thubmnail_160000JNUDI0339.jpg","English","jpg","2016-03-14","5cbf1a2e643965001800017e","5cbf1a2e643965001800017e",1561410819,"",1561410819,"5d113d033662360027000391"
"Collective pamphlet","","160000JNUDI0340","Collective","Collective","28/02/16","JNU","JNU Student Movement","SM001","Student Movements ","Collective; Collective pamphlet","Public Domain","Public Domain","Collective",".JPG","Born Digital Image","160000JNUDI0340.jpg","Yes","http://campuscollection.openrun.net/samim/Pamphlets and Posters Gayatri Balusha/Pamphlet Archive/Collective/160000JNUDI0340.jpg","http://campuscollection.openrun.net/Thumbnails/thubmnail_160000JNUDI0340.jpg","English","jpg","2016-02-28","5cbf1a2e643965001800017e","5cbf1a2e643965001800017e",1561410819,"",1561410819,"5d113d033662360027000108"
"Collective pamphlet","","160000JNUDI0341","Collective","Collective","12/02/16","JNU","JNU Student Movement","SM001","Student Movements ","Collective; Collective pamphlet","Public Domain","Public Domain","Collective",".JPG","Born Digital Image","160000JNUDI0341.jpg","Yes","http://campuscollection.openrun.net/samim/Pamphlets and Posters Gayatri Balusha/Pamphlet Archive/Collective/160000JNUDI0341.jpg","http://campuscollection.openrun.net/Thumbnails/thubmnail_160000JNUDI0341.jpg","English","jpg","2016-02-12","5cbf1a2e643965001800017e","5cbf1a2e643965001800017e",1561410819,"",1561410819,"5d113d033662360027000045"
"Collective pamphlet","","160000JNUDI0342","Collective","Collective","16/03/16","JNU","JNU Student Movement","SM001","Student Movements ","Collective; Collective pamphlet","Public Domain","Public Domain","Collective",".JPG","Born Digital Image","160000JNUDI0342.jpg","Yes","http://campuscollection.openrun.net/samim/Pamphlets and Posters Gayatri Balusha/Pamphlet Archive/Collective/160000JNUDI0342.pdf","http://campuscollection.openrun.net/Thumbnails/160000JNUDI0342.pdf.jpg","English","pdf","2016-03-16","5cbf1a2e643965001800017e","5cbf1a2e643965001800017e",1561410819,"",1561410819,"5d113d0336623600270003c5"
"Collective pamphlet","","160000JNUDI0343","Collective","Collective","01/03/16","JNU","JNU Student Movement","SM001","Student Movements ","Collective; Collective pamphlet","Public Domain","Public Domain","Collective",".PDF","Scanned image","160000JNUDI0343.pdf","Yes","","","English","","2016-03-01","5cbf1a2e643965001800017e","5cbf1a2e643965001800017e",1561410820,"",1561410820,"5d113d04366236001f000363"
"Collective pamphlet","","160000JNUDI0344","Collective","Collective","18/02/16","JNU","JNU Student Movement","SM001","Student Movements ","Collective; Collective pamphlet","Public Domain","Public Domain","Collective",".PDF","Born Digital Image","160000JNUDI0344.pdf","Yes","http://campuscollection.openrun.net/samim/Pamphlets and Posters Gayatri Balusha/Pamphlet Archive/Collective/160000JNUDI0344.pdf","http://campuscollection.openrun.net/Thumbnails/160000JNUDI0344.pdf.jpg","English","pdf","2016-02-18","5cbf1a2e643965001800017e","5cbf1a2e643965001800017e",1561410820,"",1561410820,"5d113d04366236001f0003b1"
"Democratic Students' Federation pamphlet","","160000JNUSI0345","Democratic Students' Federation","Democratic Students' Federation","01/02/16","JNU","JNU Student Movement","SM001","Student Movements ","Democratic Students' Federation; DSF;Democratic Students' Federation pamphlet","Public Domain","Public Domain","Democratic Students' Federation",".PDF","Scanned Image","160000JNUSI0345.pdf","","http://campuscollection.openrun.net/samim/Pamphlets and Posters Gayatri Balusha/Pamphlet Archive/DSF/160000JNUSI0345.pdf","http://campuscollection.openrun.net/Thumbnails/160000JNUSI0345.pdf.jpg","English","pdf","2016-02-01","5cbf1a2e643965001800017e","5cbf1a2e643965001800017e",1561410820,"",1561410820,"5d113d04366236001f0002ef"
"Democratic Students' Federation pamphlet","","160000JNUSI0346","Democratic Students' Federation","Democratic Students' Federation","10/03/16","JNU","JNU Student Movement","SM001","Student Movements ","Democratic Students' Federation; DSF;Democratic Students' Federation pamphlet","Public Domain","Public Domain","Democratic Students' Federation",".PDF","Scanned Image","160000JNUSI0346.pdf","","http://campuscollection.openrun.net/samim/Pamphlets and Posters Gayatri Balusha/Pamphlet Archive/DSF/160000JNUSI0346.pdf","http://campuscollection.openrun.net/Thumbnails/160000JNUSI0346.pdf.jpg","English","pdf","2016-03-10","5cbf1a2e643965001800017e","5cbf1a2e643965001800017e",1561410820,"",1561410820,"5d113d04366236001f000377"
"DSU pamphlet","","160000JNUDI0347","Democratic Students' Union","Democratic Students' Union","2016","JNU","JNU Student Movement","SM001","Student Movements ","Democratic Students' Union; DSU; DSU pamphlet","Public Domain","Public Domain","Democratic Students' Union",".JPG","Born Digital Image","160000JNUDI0347.jpg","","http://campuscollection.openrun.net/samim/Pamphlets and Posters Gayatri Balusha/Pamphlet Archive/DSU/dsu 1/160000JNUDI0347.jpg","http://campuscollection.openrun.net/Thumbnails/thubmnail_160000JNUDI0347.jpg","English","jpg","2016","5cbf1a2e643965001800017e","5cbf1a2e643965001800017e",1561410820,"",1561410820,"5d113d04366236001f000196"
"DSU pamphlet","","160000JNUDI0348","Democratic Students' Union","Democratic Students' Union","2016","JNU","JNU Student Movement","SM001","Student Movements ","Democratic Students' Union; DSU; DSU pamphlet","Public Domain","Public Domain","Democratic Students' Union",".JPG","Born Digital Image","160000JNUDI0348.jpg","","http://campuscollection.openrun.net/samim/Pamphlets and Posters Gayatri Balusha/Pamphlet Archive/DSU/dsu 1/160000JNUDI0348.jpg","http://campuscollection.openrun.net/Thumbnails/thubmnail_160000JNUDI0348.jpg","English","jpg","2016","5cbf1a2e643965001800017e","5cbf1a2e643965001800017e",1561410820,"",1561410820,"5d113d04366236001f0002af"
"DSU pamphlet","","160000JNUDI0349","Democratic Students' Union","Democratic Students' Union","27/05/16","JNU","JNU Student Movement","SM001","Student Movements ","Democratic Students' Union; DSU; DSU pamphlet","Public Domain","Public Domain","Democratic Students' Union",".JPG","Born Digital Image","160000JNUDI0349.jpg","","http://campuscollection.openrun.net/samim/Pamphlets and Posters Gayatri Balusha/Pamphlet Archive/DSU/dsu 2/160000JNUDI0349.jpg","http://campuscollection.openrun.net/Thumbnails/thubmnail_160000JNUDI0349.jpg","English","jpg","2016-05-27","5cbf1a2e643965001800017e","5cbf1a2e643965001800017e",1561410820,"",1561410820,"5d113d04366236001f0002f5"
"DSU pamphlet","","160000JNUDI0350","Democratic Students' Union","Democratic Students' Union","27/05/16","JNU","JNU Student Movement","SM004","Student Movements ","Democratic Students' Union; DSU; DSU pamphlet","Public Domain","Public Domain","Democratic Students' Union",".JPG","Born Digital Image","160000JNUDI0350.jpg","","http://campuscollection.openrun.net/samim/Pamphlets and Posters Gayatri Balusha/Pamphlet Archive/DSU/dsu 2/160000JNUDI0350.jpg","http://campuscollection.openrun.net/Thumbnails/thubmnail_160000JNUDI0350.jpg","English","jpg","2016-05-27","5cbf1a2e643965001800017e","5cbf1a2e643965001800017e",1561410820,"",1561410820,"5d113d04366236001f000225"
"DSU pamphlet","","160000JNUDI0351","Democratic Students' Union","Democratic Students' Union","2016","JNU","JNU Student Movement","SM005","Student Movements ","Democratic Students' Union; DSU; DSU pamphlet","Public Domain","Public Domain","Democratic Students' Union",".JPG","Born Digital Image","160000JNUDI0351.jpg","","http://campuscollection.openrun.net/samim/Pamphlets and Posters Gayatri Balusha/Pamphlet Archive/DSU/160000JNUDI0351.jpg","http://campuscollection.openrun.net/Thumbnails/thubmnail_160000JNUDI0351.jpg","English","jpg","2016","5cbf1a2e643965001800017e","5cbf1a2e643965001800017e",1561410820,"",1561410820,"5d113d04366236001f00024d"
"DSU pamphlet","","160000JNUDI0352","Democratic Students' Union","Democratic Students' Union","2016","JNU","JNU Student Movement","SM006","Student Movements ","Democratic Students' Union; DSU; DSU pamphlet","Public Domain","Public Domain","Democratic Students' Union",".JPG","Born Digital Image","160000JNUDI0352.jpg","","http://campuscollection.openrun.net/samim/Pamphlets and Posters Gayatri Balusha/Pamphlet Archive/DSU/160000JNUDI0352.jpg","http://campuscollection.openrun.net/Thumbnails/thubmnail_160000JNUDI0352.jpg","English","jpg","2016","5cbf1a2e643965001800017e","5cbf1a2e643965001800017e",1561410820,"",1561410820,"5d113d04366236001f00026d"
"DSU pamphlet","","160000JNUDI0353","Democratic Students' Union","Democratic Students' Union","01/04/16","JNU","JNU Student Movement","SM007","Student Movements ","Democratic Students' Union; DSU; DSU pamphlet","Public Domain","Public Domain","Democratic Students' Union",".JPG","Born Digital Image","160000JNUDI0353.jpg","","http://campuscollection.openrun.net/samim/Pamphlets and Posters Gayatri Balusha/Pamphlet Archive/DSU/160000JNUDI0353.jpg","http://campuscollection.openrun.net/Thumbnails/thubmnail_160000JNUDI0353.jpg","English","jpg","2016-04-01","5cbf1a2e643965001800017e","5cbf1a2e643965001800017e",1561410820,"",1561410820,"5d113d04366236001f000124"
"DSU pamphlet","","160000JNUDI0354","Democratic Students' Union","Democratic Students' Union","10/05/16","JNU","JNU Student Movement","SM008","Student Movements ","Democratic Students' Union; DSU; DSU pamphlet","Public Domain","Public Domain","Democratic Students' Union",".JPG","Born Digital Image","160000JNUDI0354.jpg","","http://campuscollection.openrun.net/samim/Pamphlets and Posters Gayatri Balusha/Pamphlet Archive/DSU/160000JNUDI0354.jpg","http://campuscollection.openrun.net/Thumbnails/thubmnail_160000JNUDI0354.jpg","English","jpg","2016-05-10","5cbf1a2e643965001800017e","5cbf1a2e643965001800017e",1561410820,"",1561410820,"5d113d04366236001f000106"
"DSU pamphlet","","160000JNUDI0355","Democratic Students' Union","Democratic Students' Union","10/05/16","JNU","JNU Student Movement","SM009","Student Movements ","Democratic Students' Union; DSU; DSU pamphlet","Public Domain","Public Domain","Democratic Students' Union",".JPG","Born Digital Image","160000JNUDI0355.jpg","","http://campuscollection.openrun.net/samim/Pamphlets and Posters Gayatri Balusha/Pamphlet Archive/DSU/160000JNUDI0355.jpg","http://campuscollection.openrun.net/Thumbnails/thubmnail_160000JNUDI0355.jpg","English","jpg","2016-05-10","5cbf1a2e643965001800017e","5cbf1a2e643965001800017e",1561410820,"",1561410820,"5d113d04366236001f000347"
"DSU pamphlet","","160000JNUDI0356","Democratic Students' Union","Democratic Students' Union","04/05/16","JNU","JNU Student Movement","SM010","Student Movements ","Democratic Students' Union; DSU; DSU pamphlet","Public Domain","Public Domain","Democratic Students' Union",".JPG","Born Digital Image","160000JNUDI0356.jpg","","http://campuscollection.openrun.net/samim/Pamphlets and Posters Gayatri Balusha/Pamphlet Archive/DSU/160000JNUDI0356.jpg","http://campuscollection.openrun.net/Thumbnails/thubmnail_160000JNUDI0356.jpg","English","jpg","2016-05-04","5cbf1a2e643965001800017e","5cbf1a2e643965001800017e",1561410820,"",1561410820,"5d113d04366236001f000319"
"DSU pamphlet","","160000JNUSI0357","Democratic Students' Union","Democratic Students' Union","01/03/16","JNU","JNU Student Movement","SM011","Student Movements ","Democratic Students' Union; DSU; DSU pamphlet","Public Domain","Public Domain","Democratic Students' Union",".PDF","Scanned Image","160000JNUSI0357.pdf","","http://campuscollection.openrun.net/samim/Pamphlets and Posters Gayatri Balusha/Pamphlet Archive/DSU/160000JNUSI0357.pdf","http://campuscollection.openrun.net/Thumbnails/160000JNUSI0357.pdf.jpg","English","pdf","2016-03-01","5cbf1a2e643965001800017e","5cbf1a2e643965001800017e",1561410820,"",1561410820,"5d113d04366236001f0001a8"
"Hundred Flowers Group pamphlet","","160000JNUSI0359","Hundred Flowers Group","Hundred Flowers Group","27/03/16","JNU","JNU Student Movement","SM001","Student Movements ","Hundred Flowers Group; Hundred Flowers Group pamphlet","Public Domain","Public Domain","Hundred Flowers Group",".JPG","Born Digital Image","160000JNUSI0359.jpg","","http://campuscollection.openrun.net/samim/Pamphlets and Posters Gayatri Balusha/Pamphlet Archive/Hundred Flowers Group/160000JNUSI0359.jpg","http://campuscollection.openrun.net/Thumbnails/thubmnail_160000JNUSI0359.jpg","Hindi","jpg","2016-03-27","5cbf1a2e643965001800017e","5cbf1a2e643965001800017e",1561410820,"",1561410820,"5d113d04366236001f000322"
"Hundred Flowers Group pamphlet","","160000JNUSI0360","Hundred Flowers Group","Hundred Flowers Group","27/03/16","JNU","JNU Student Movement","SM001","Student Movements ","Hundred Flowers Group; Hundred Flowers Group pamphlet","Public Domain","Public Domain","Hundred Flowers Group",".JPG","Born Digital Image","160000JNUSI0360.jpg","","http://campuscollection.openrun.net/samim/Pamphlets and Posters Gayatri Balusha/Pamphlet Archive/Hundred Flowers Group/160000JNUSI0360.jpg","http://campuscollection.openrun.net/Thumbnails/thubmnail_160000JNUSI0360.jpg","English","jpg","2016-03-27","5cbf1a2e643965001800017e","5cbf1a2e643965001800017e",1561410820,"",1561410820,"5d113d04366236001f00022c"
"Hundred Flowers Group pamphlet","","160000JNUSI0361","Hundred Flowers Group","Hundred Flowers Group","27/03/16","JNU","JNU Student Movement","SM001","Student Movements ","Hundred Flowers Group; Hundred Flowers Group pamphlet","Public Domain","Public Domain","Hundred Flowers Group",".JPG","Born Digital Text","160000JNUSI0361.doc","Yes","","","English","","2016-03-27","5cbf1a2e643965001800017e","5cbf1a2e643965001800017e",1561410820,"",1561410820,"5d113d04366236001f0002f7"
"JAC pamphlet","","160000JNUSI0362","Joint Action Committee for Social Justice","Joint Action Committee for Social Justice"," 23/02/16","JNU","JNU Student Movement","SM001","Student Movements ","Joint Action Committee for Social Justice; JAC; JAC pamphlet","Public Domain","Public Domain","Joint Action Committee for Social Justice",".PDF","Scanned Image","160000JNUSI0362.pdf","","http://campuscollection.openrun.net/samim/Pamphlets and Posters Gayatri Balusha/Pamphlet Archive/JAC/160000JNUSI0362.pdf","http://campuscollection.openrun.net/Thumbnails/160000JNUSI0362.pdf.jpg","English; Hindi","pdf","","5cbf1a2e643965001800017e","5cbf1a2e643965001800017e",1561410820,"",1561410820,"5d113d04366236001f000362"
"JAC pamphlet","","160000JNUSI0363","Joint Action Committee for Social Justice","Joint Action Committee for Social Justice"," 23/02/16","JNU","JNU Student Movement","SM001","Student Movements ","Joint Action Committee for Social Justice; JAC; JAC pamphlet","Public Domain","Public Domain","Joint Action Committee for Social Justice",".PDF","Scanned Image","160000JNUSI0363.pdf","","http://campuscollection.openrun.net/samim/Pamphlets and Posters Gayatri Balusha/Pamphlet Archive/JAC/160000JNUSI0363.pdf","http://campuscollection.openrun.net/Thumbnails/160000JNUSI0363.pdf.jpg","English; Hindi","pdf","","5cbf1a2e643965001800017e","5cbf1a2e643965001800017e",1561410820,"",1561410820,"5d113d04366236001f00020b"
"JNUSU pamphlet","","160000JNUDT0364","JNU Students' Union","JNU Students' Union","2016","JNU","JNU Student Movement","SM001","Student Movements ","Jawaharlal Nehru University Students' Union; JNUSU; JNUSU pamphlet","Public Domain","Public Domain","Jawaharlal Nehru University Students' Union",".PDF","Born Digital Text","160000JNUDT0364.pdf","","http://campuscollection.openrun.net/samim/Pamphlets and Posters Gayatri Balusha/Pamphlet Archive/JNUSU/160000JNUDT0364.pdf","http://campuscollection.openrun.net/Thumbnails/160000JNUDT0364.pdf.jpg","English","pdf","2016","5cbf1a2e643965001800017e","5cbf1a2e643965001800017e",1561410820,"",1561410820,"5d113d04366236002900005e"
"JNUSU pamphlet","","160000JNUSI0365","JNU Students' Union","JNU Students' Union","02/02/16","JNU","JNU Student Movement","SM001","Student Movements ","Jawaharlal Nehru University Students' Union; JNUSU; JNUSU pamphlet","Public Domain","Public Domain","Jawaharlal Nehru University Students' Union",".PDF","Scanned Image","160000JNUSI0365.pdf","","http://campuscollection.openrun.net/samim/Pamphlets and Posters Gayatri Balusha/Pamphlet Archive/JNUSU/160000JNUSI0365.pdf","http://campuscollection.openrun.net/Thumbnails/160000JNUSI0365.pdf.jpg","English","pdf","2016-02-02","5cbf1a2e643965001800017e","5cbf1a2e643965001800017e",1561410820,"",1561410820,"5d113d043662360029000225"
"NSUI pamphlet","","160000JNUSI0382","The National Students' Union of India","The National Students' Union of India","10/03/16","JNU","JNU Student Movement","SM001","Student Movements ","The National Students' Union of India; NSUI; NSUI poster","Public Domain","Public Domain","The National Students' Union of India",".PDF","Scanned Image","160000JNUSI0382.pdf","","http://campuscollection.openrun.net/samim/Pamphlets and Posters Gayatri Balusha/Pamphlet Archive/NSUI/160000JNUSI0382.pdf","http://campuscollection.openrun.net/Thumbnails/160000JNUSI0382.pdf.jpg","English","pdf","2016-03-10","5cbf1a2e643965001800017e","5cbf1a2e643965001800017e",1561410820,"",1561410820,"5d113d043662360029000164"
"NSUI pamphlet","","160000JNUSI0383","The National Students' Union of India","The National Students' Union of India","01/03/16","JNU","JNU Student Movement","SM001","Student Movements ","The National Students' Union of India; NSUI; NSUI poster","Public Domain","Public Domain","The National Students' Union of India",".PDF","Scanned Image","160000JNUSI0383.pdf","","http://campuscollection.openrun.net/samim/Pamphlets and Posters Gayatri Balusha/Pamphlet Archive/NSUI/160000JNUSI0383.pdf","http://campuscollection.openrun.net/Thumbnails/160000JNUSI0383.pdf.jpg","English","pdf","2016-03-01","5cbf1a2e643965001800017e","5cbf1a2e643965001800017e",1561410820,"",1561410820,"5d113d043662360029000078"
"JNU pamphlet","","160000JNUSI0384","Sd/- Birendra and Jitendra","Sd/- Birendra and Jitendra","06/05/2016","JNU","JNU Student Movement","SM001","Student Movements ","Sd/- Birendra and Jitendra","Images may only be reproduced with permission from Merian-Tagore International Centre of Advanced Studies; University of Gottingen.","Merian-Tagore International Centre of Advanced Studies","Merian-Tagore International Centre of Advanced Studies",".JPG","Born Digital Image","160000JNUSI0384.jpg","","http://campuscollection.openrun.net/samim/Pamphlets and Posters Gayatri Balusha/Pamphlet Archive/Others/160000JNUSI0384.jpg","http://campuscollection.openrun.net/Thumbnails/thubmnail_160000JNUSI0384.jpg","English","jpg","","5cbf1a2e643965001800017e","5cbf1a2e643965001800017e",1561410820,"",1561410820,"5d113d0436623600290000b6"
"JNU pamphlet","","160000JNUSI0385","Jawaharlal Nehru University Teachers' Association","Ajay Patnaik","2016","JNU","JNU Student Movement","SM001","Student Movements ","Ajay Patnaik","Images may only be reproduced with permission from Merian-Tagore International Centre of Advanced Studies; University of Gottingen.","Merian-Tagore International Centre of Advanced Studies","Merian-Tagore International Centre of Advanced Studies",".PDF","Scanned Image","160000JNUSI0385.pdf","","http://campuscollection.openrun.net/samim/Pamphlets and Posters Gayatri Balusha/Pamphlet Archive/Others/160000JNUSI0385.pdf","http://campuscollection.openrun.net/Thumbnails/160000JNUSI0385.pdf.jpg","English","pdf","2016","5cbf1a2e643965001800017e","5cbf1a2e643965001800017e",1561410820,"",1561410820,"5d113d04366236002900007d"
"JNU pamphlet","","160000JNUSI0386","JNU","JNU Students","25/02/16","JNU","JNU Student Movement","SM001","Student Movements ","","Images may only be reproduced with permission from Merian-Tagore International Centre of Advanced Studies; University of Gottingen.","Merian-Tagore International Centre of Advanced Studies","Merian-Tagore International Centre of Advanced Studies",".PDF","Scanned Image","160000JNUSI0386.pdf","","http://campuscollection.openrun.net/samim/Pamphlets and Posters Gayatri Balusha/Pamphlet Archive/Others/160000JNUSI0386.pdf","http://campuscollection.openrun.net/Thumbnails/160000JNUSI0386.pdf.jpg","English","pdf","2016-02-25","5cbf1a2e643965001800017e","5cbf1a2e643965001800017e",1561410820,"",1561410820,"5d113d04366236002900013e"
"JNU pamphlet","","160000JNUSI0387","JNU","Jatin Goraiya","01/02/2016","JNU","JNU Student Movement","SM001","Student Movements ","Jatin Goraiya","Images may only be reproduced with permission from Merian-Tagore International Centre of Advanced Studies; University of Gottingen.","Merian-Tagore International Centre of Advanced Studies","Merian-Tagore International Centre of Advanced Studies",".PDF","Scanned Image","160000JNUSI0387.pdf","","http://campuscollection.openrun.net/samim/Pamphlets and Posters Gayatri Balusha/Pamphlet Archive/Others/160000JNUSI0387.pdf","http://campuscollection.openrun.net/Thumbnails/160000JNUSI0387.pdf.jpg","English","pdf","2016-02-01","5cbf1a2e643965001800017e","5cbf1a2e643965001800017e",1561410820,"",1561410820,"5d113d043662360029000292"
"JNU pamphlet","","160000JNUSI0388","Jawaharlal Nehru University Teachers' Association","Bikramaditya Choudhary","25/02/16","JNU","JNU Student Movement","SM001","Student Movements ","Bikramaditya Choudhary","Images may only be reproduced with permission from Merian-Tagore International Centre of Advanced Studies; University of Gottingen.","Merian-Tagore International Centre of Advanced Studies","Merian-Tagore International Centre of Advanced Studies",".PDF","Scanned Image","160000JNUSI0388.pdf","","http://campuscollection.openrun.net/samim/Pamphlets and Posters Gayatri Balusha/Pamphlet Archive/Others/160000JNUSI0388.pdf","http://campuscollection.openrun.net/Thumbnails/160000JNUSI0388.pdf.jpg","English","pdf","2016-02-25","5cbf1a2e643965001800017e","5cbf1a2e643965001800017e",1561410820,"",1561410820,"5d113d043662360029000365"
"JNU pamphlet","","160000JNUSI0389","United OBC Forum","United OBC Forum","11/04/16","JNU","JNU Student Movement","SM001","Student Movements ","United OBC Forum","Public Domain","Public Domain","Jawaharlal Nehru University",".PDF","Scanned Image","160000JNUSI0389.pdf","","http://campuscollection.openrun.net/samim/Pamphlets and Posters Gayatri Balusha/Pamphlet Archive/Others/160000JNUSI0389.pdf","http://campuscollection.openrun.net/Thumbnails/160000JNUSI0389.pdf.jpg","English","pdf","2016-04-11","5cbf1a2e643965001800017e","5cbf1a2e643965001800017e",1561410820,"",1561410820,"5d113d0436623600290001c5"
"JNU pamphlet","","160000JNUSI0390","JNU","JNU Students","2016","JNU","JNU Student Movement","SM001","Student Movements ","JNU Students","Public Domain","Public Domain","Jawaharlal Nehru University",".PDF","Scanned Image","160000JNUSI0390.pdf","","http://campuscollection.openrun.net/samim/Pamphlets and Posters Gayatri Balusha/Pamphlet Archive/Others/160000JNUSI0390.pdf","http://campuscollection.openrun.net/Thumbnails/160000JNUSI0390.pdf.jpg","English","pdf","2016","5cbf1a2e643965001800017e","5cbf1a2e643965001800017e",1561410820,"",1561410820,"5d113d0436623600290000d7"
"JNU pamphlet","","160000JNUSI0391","Sd/-Jitendra Kumar","Sd/-Jitendra Kumar","04/02/16","JNU","JNU Student Movement","SM001","Student Movements ","Sd/-Jitendra Kumar","Public Domain","Public Domain","Jawaharlal Nehru University",".PDF","Scanned Image","160000JNUSI0391.pdf","","http://campuscollection.openrun.net/samim/Pamphlets and Posters Gayatri Balusha/Pamphlet Archive/Others/160000JNUSI0391.pdf","http://campuscollection.openrun.net/Thumbnails/160000JNUSI0391.pdf.jpg","English","pdf","2016-02-04","5cbf1a2e643965001800017e","5cbf1a2e643965001800017e",1561410820,"",1561410820,"5d113d043662360029000373"
"SFI pamphlet","","160000JNUDI0415","Students' Federation of India","Students' Federation of India","23/02/16","JNU","JNU Student Movement","SM001","Student Movements ","Students' Federation of India; SFI; SFI pamphlet","Public Domain","Public Domain","Students' Federation of India",".JPG","Digital Image","160000JNUDI0415.jpg","","http://campuscollection.openrun.net/samim/Pamphlets and Posters Gayatri Balusha/Pamphlet Archive/SFI/160000JNUDI0415.jpg","http://campuscollection.openrun.net/Thumbnails/thubmnail_160000JNUDI0415.jpg","English","jpg","2016-02-23","5cbf1a2e643965001800017e","5cbf1a2e643965001800017e",1561410820,"",1561410820,"5d113d0436623600290001cd"
"SFI pamphlet","","160000JNUDI0416","Students' Federation of India","Students' Federation of India","11/03/16","JNU","JNU Student Movement","SM001","Student Movements ","Students' Federation of India; SFI; SFI pamphlet","Public Domain","Public Domain","Students' Federation of India",".PDF","Digital Image","160000JNUDI0416.pdf","","http://campuscollection.openrun.net/samim/Pamphlets and Posters Gayatri Balusha/Pamphlet Archive/SFI/160000JNUDI0416.pdf","http://campuscollection.openrun.net/Thumbnails/160000JNUDI0416.pdf.jpg","English","pdf","2016-03-11","5cbf1a2e643965001800017e","5cbf1a2e643965001800017e",1561410820,"",1561410820,"5d113d043662360029000110"
"SFI pamphlet","","160000JNUDI0417","Students' Federation of India","Students' Federation of India","14/05/16","JNU","JNU Student Movement","SM001","Student Movements ","Students' Federation of India; SFI; SFI pamphlet","Public Domain","Public Domain","Students' Federation of India",".JPG","Digital Image","160000JNUDI0417.pdf","","http://campuscollection.openrun.net/samim/Pamphlets and Posters Gayatri Balusha/Pamphlet Archive/SFI/160000JNUDI0417.pdf","http://campuscollection.openrun.net/Thumbnails/160000JNUDI0417.pdf.jpg","English","pdf","2016-05-14","5cbf1a2e643965001800017e","5cbf1a2e643965001800017e",1561410820,"",1561410820,"5d113d04366236002900004c"
"SFI pamphlet","","160000JNUDI0418","Students' Federation of India","Students' Federation of India","01/03/16","JNU","JNU Student Movement","SM001","Student Movements ","Students' Federation of India; SFI; SFI pamphlet","Public Domain","Public Domain","Students' Federation of India",".PDF","Digital Image","160000JNUDI0418.pdf","Yes","http://campuscollection.openrun.net/samim/Pamphlets and Posters Gayatri Balusha/Pamphlet Archive/SFI/160000JNUDI0418.pdf","http://campuscollection.openrun.net/Thumbnails/160000JNUDI0418.pdf.jpg","English","pdf","2016-03-01","5cbf1a2e643965001800017e","5cbf1a2e643965001800017e",1561410820,"",1561410820,"5d113d043662360029000277"
"SFI pamphlet","","160000JNUDI0419","Students' Federation of India","Students' Federation of India","17/02/16","JNU","JNU Student Movement","SM001","Student Movements ","Students' Federation of India; SFI; SFI pamphlet","Public Domain","Public Domain","Students' Federation of India",".JPG","Digital Image","160000JNUDI0419.pdf","","http://campuscollection.openrun.net/samim/Pamphlets and Posters Gayatri Balusha/Pamphlet Archive/SFI/160000JNUDI0419.pdf","http://campuscollection.openrun.net/Thumbnails/160000JNUDI0419.pdf.jpg","English","pdf","2016-02-17","5cbf1a2e643965001800017e","5cbf1a2e643965001800017e",1561410820,"",1561410820,"5d113d043662360029000189"
"SFI pamphlet","","160000JNUDI0420","Students' Federation of India","Students' Federation of India","19/02/16","JNU","JNU Student Movement","SM001","Student Movements ","Students' Federation of India; SFI; SFI pamphlet","Public Domain","Public Domain","Students' Federation of India",".PDF","Scanned Image","160000JNUDI0420.pdf","","","","English","","2016-02-19","5cbf1a2e643965001800017e","5cbf1a2e643965001800017e",1561410820,"",1561410820,"5d113d0436623600290002e4"
"SFI pamphlet","","160000JNUDI0421","Students' Federation of India","Students' Federation of India","11/02/16","JNU","JNU Student Movement","SM001","Student Movements ","Students' Federation of India; SFI; SFI pamphlet","Public Domain","Public Domain","Students' Federation of India",".JPG","Scanned Image","160000JNUDI0421.pdf","","","","English","","2016-02-11","5cbf1a2e643965001800017e","5cbf1a2e643965001800017e",1561410820,"",1561410820,"5d113d043662360029000319"
"SFI pamphlet","","160000JNUDI0422","Students' Federation of India","Students' Federation of India","23/02/16","JNU","JNU Student Movement","SM001","Student Movements ","Students' Federation of India; SFI; SFI pamphlet","Public Domain","Public Domain","Students' Federation of India",".PDF","Scanned Image","160000JNUDI0422.pdf","","","","English","","2016-02-23","5cbf1a2e643965001800017e","5cbf1a2e643965001800017e",1561410820,"",1561410820,"5d113d0436623600290002d0"
"SFI pamphlet","","160000JNUDI0423","Students' Federation of India","Students' Federation of India","28/02/16","JNU","JNU Student Movement","SM001","Student Movements ","Students' Federation of India; SFI; SFI pamphlet","Public Domain","Public Domain","Students' Federation of India",".JPG","Scanned Image","160000JNUDI0423.pdf","","","","English","","2016-02-28","5cbf1a2e643965001800017e","5cbf1a2e643965001800017e",1561410821,"",1561410821,"5d113d05366236002b00017f"
"SFI pamphlet","","160000JNUDI0424","Students' Federation of India","Students' Federation of India","01/03/16","JNU","JNU Student Movement","SM001","Student Movements ","Students' Federation of India; SFI; SFI pamphlet","Public Domain","Public Domain","Students' Federation of India",".PDF","Scanned Image","160000JNUDI0424.pdf","","","","English","","2016-03-01","5cbf1a2e643965001800017e","5cbf1a2e643965001800017e",1561410821,"",1561410821,"5d113d05366236002b0000fb"
"SFI pamphlet","","160000JNUDI0425","Students' Federation of India","Students' Federation of India","18/03/16","JNU","JNU Student Movement","SM001","Student Movements ","Students' Federation of India; SFI; SFI pamphlet","Public Domain","Public Domain","Students' Federation of India",".JPG","Scanned Image","160000JNUDI0425.pdf","","","","English","","2016-03-18","5cbf1a2e643965001800017e","5cbf1a2e643965001800017e",1561410821,"",1561410821,"5d113d05366236002b000085"
"SFI pamphlet","","160000JNUDI0426","Students' Federation of India","Students' Federation of India","09/03/16","JNU","JNU Student Movement","SM001","Student Movements ","Students' Federation of India; SFI; SFI pamphlet","Public Domain","Public Domain","Students' Federation of India",".PDF","Scanned Image","160000JNUDI0426.pdf","","","","English","","2016-03-09","5cbf1a2e643965001800017e","5cbf1a2e643965001800017e",1561410821,"",1561410821,"5d113d05366236002b00019d"
"SFI pamphlet","","160000JNUDI0427","Students' Federation of India","Students' Federation of India","12/02/16","JNU","JNU Student Movement","SM001","Student Movements ","Students' Federation of India; SFI; SFI pamphlet","Public Domain","Public Domain","Students' Federation of India",".JPG","Scanned Image","160000JNUDI0427.pdf","","","","English","","2016-02-12","5cbf1a2e643965001800017e","5cbf1a2e643965001800017e",1561410821,"",1561410821,"5d113d05366236002b000064"
"SFI pamphlet","","160000JNUDI0428","Students' Federation of India","Students' Federation of India","11/04/16","JNU","JNU Student Movement","SM001","Student Movements ","Students' Federation of India; SFI; SFI pamphlet","Public Domain","Public Domain","Students' Federation of India",".PDF","Scanned Image","160000JNUDI0428.pdf","","","","English","","2016-04-11","5cbf1a2e643965001800017e","5cbf1a2e643965001800017e",1561410821,"",1561410821,"5d113d05366236002b000080"
"SFI pamphlet","","160000JNUDI0429","Students' Federation of India","Students' Federation of India","28/02/16","JNU","JNU Student Movement","SM001","Student Movements ","Students' Federation of India; SFI; SFI pamphlet","Public Domain","Public Domain","Students' Federation of India",".JPG","Scanned Image","160000JNUDI0429.pdf","","","","English","","2016-02-28","5cbf1a2e643965001800017e","5cbf1a2e643965001800017e",1561410821,"",1561410821,"5d113d05366236002b0001a3"
"SFI pamphlet","","160000JNUDI0430","Students' Federation of India","Students' Federation of India","17/02/16","JNU","JNU Student Movement","SM001","Student Movements ","Students' Federation of India; SFI; SFI pamphlet","Public Domain","Public Domain","Students' Federation of India",".PDF","Scanned Image","160000JNUDI0430.pdf","","","","English","","2016-02-17","5cbf1a2e643965001800017e","5cbf1a2e643965001800017e",1561410821,"",1561410821,"5d113d05366236002b000327"
"Letter of solidarity from JNUTA","","160215JNUDI0014","JNU","Jawaharlal Nehru University Teachers' Association","15/02/16","JNU","JNU Student Movement","SM001","Student Movements ","letter; letter of solidarity; JNUTA","Public Domain","Public Domain","Merian-Tagore International Centre of Advanced Studies",".JPG","Born Digital Image","160215JNUDI0014.jpg","Yes","http://campuscollection.openrun.net/samim/Pamphlets and Posters Gayatri Balusha/Letters of Solidarity/160215JNUDI0014.jpg","http://campuscollection.openrun.net/Thumbnails/thubmnail_160215JNUDI0014.jpg","English","jpg","2016-02-15","5cbf1a2e643965001800017e","5cbf1a2e643965001800017e",1561410821,"",1561410821,"5d113d05366236002b00037f"
"Letter of solidarity from CUGTA","","160215JNUDI0015","JNU","Central University of Gujarat Teachers' Association","15/02/16","JNU","JNU Student Movement","SM001","Student Movements ","letter; letter of solidarity; Central University of Gujarat Teachers' Association","Public Domain","Public Domain","Merian-Tagore International Centre of Advanced Studies",".JPG","Scanned Image","160215JNUDI0015.jpg","Yes","","","English","","2016-02-15","5cbf1a2e643965001800017e","5cbf1a2e643965001800017e",1561410821,"",1561410821,"5d113d05366236002b000329"
"Letter of solidarity from All India Kisan Sabha","","160223JNUDI0009","JNU","All India Kisan Sabha","23/02/16","JNU","JNU Student Movement","SM001","Student Movements ","letter; letter of solidarity; All India Kisan Sabha","Public Domain","Public Domain","Merian-Tagore International Centre of Advanced Studies",".JPG","Born Digital Image","160223JNUDI0009.jpg","Yes","http://campuscollection.openrun.net/samim/Pamphlets and Posters Gayatri Balusha/Letters of Solidarity/160223JNUDI0009.jpg","http://campuscollection.openrun.net/Thumbnails/thubmnail_160223JNUDI0009.jpg","English","jpg","2016-02-23","5cbf1a2e643965001800017e","5cbf1a2e643965001800017e",1561410821,"",1561410821,"5d113d05366236002b00028b"
"Solidarity statement from International Institute of Social Sciences","","160000JNUDT0447","JNU","Institute of Social Sciences of Erasmus University Rotterdam in The Hague","","JNU","JNU Student Movement","SM001","Student Movements ","letter; letter of solidarity; Institute of Social Sciences of Erasmus University Rotterdam in The Hague","Public Domain","Public Domain","Merian-Tagore International Centre of Advanced Studies",".PDF","Born Digital Text","160000JNUDT0447.pdf","Yes","http://campuscollection.openrun.net/samim/Pamphlets and Posters Gayatri Balusha/Letters of Solidarity/160000JNUDT0447.pdf","http://campuscollection.openrun.net/Thumbnails/160000JNUDT0447.pdf.jpg","English","pdf","2016","5cbf1a2e643965001800017e","5cbf1a2e643965001800017e",1561410821,"",1561410821,"5d113d05366236002b00011f"
"Letter of solidarity from Jamia Millia Islamia","","160222JNUDT0024","JNU","Students of Jamia Millia Islamia University","22/02/16","JNU","JNU Student Movement","SM001","Student Movements ","letter; letter of solidarity; Students of Jamia Millia Islamia University","Public Domain","Public Domain","Merian-Tagore International Centre of Advanced Studies",".PDF","Born Digital Text","160222JNUDT0024.pdf","Yes","http://campuscollection.openrun.net/samim/Pamphlets and Posters Gayatri Balusha/Letters of Solidarity/160222JNUDT0024.pdf","http://campuscollection.openrun.net/Thumbnails/160222JNUDT0024.pdf.jpg","English","pdf","2016-02-22","5cbf1a2e643965001800017e","5cbf1a2e643965001800017e",1561410821,"",1561410821,"5d113d05366236002b00009b"
"Prohibitory Order ","Prohibitory order to Kanhaiyya Kumar against delivering a public speech in Pune","160421JNUSI0001","JNU","Office of the Commmissioner of Police\, Pune","21/04/16","JNU","JNU Student Movement","SM001","Student Movements ","Order; Pune; Commissioner of Police Pune; Kanhaiyya Kumar","Public Domain","Public Domain","Merian-Tagore International Centre of Advanced Studies",".PDF","Scannet Image","160421JNUSI0001.pdf","Yes","http://campuscollection.openrun.net/samim/Pamphlets and Posters Gayatri Balusha/Prohibitory Order/160421JNUSI0001.pdf","http://campuscollection.openrun.net/Thumbnails/160421JNUSI0001.pdf.jpg","English","pdf","2016-04-21","5cbf1a2e643965001800017e","5cbf1a2e643965001800017e",1561410821,"",1561410821,"5d113d05366236002b0003cf"
